polyline_point_index,latitude,longitude,trip(m),dist_to_next_coordinate(m),true_bearing_to_next,bearing_to_next_360,true_bearing_to_prev,bearing_to_prev_360,general_travel_direction,turn_bearing,turn_type,relative_turn_angle,checkpoint
0.0,43.46786317655638,-80.56637564010215,0.0,24.897749007573704,64.49217467967063,64.49217467967063,,,N64°E,,,,0
,43.46795968069304,-80.56609794564804,24.897749007573704,24.89774900610517,64.4923657207851,64.4923657207851,-115.5076342809237,244.4923657190763,N64°E,0.0001910411144763,,,0
,43.46805618415369,-80.56582025031035,49.79549801367887,24.897749007817257,64.49255675705152,64.49255675705152,-115.50744323886192,244.49255676113808,N64°E,0.0001910362664148,,,0
,43.46815268693833,-80.5655425540891,74.69324702149613,24.89774900705276,64.49274779767657,64.49274779767657,-115.5072522016482,244.4927477983518,N64°E,0.0001910406250544,,,0
,43.46824918904696,-80.56526485698427,99.59099602854889,24.897749007702632,64.4929388421026,64.4929388421026,-115.50706116007584,244.49293883992416,N64°E,0.0001910444260317,,,0
,43.46834569047955,-80.56498715899585,124.48874503625152,24.897749007644222,64.49312988453238,64.49312988453238,-115.50687011470248,244.49312988529752,N64°E,0.0001910424297761,,,0
,43.468442191236136,-80.56470946012385,149.38649404389574,24.89774900652349,64.49332093459317,64.49332093459317,-115.5066790713254,244.49332092867465,N64°E,0.000191050060792,,,0
,43.46853869131667,-80.5644317603683,174.28424305041924,24.89774900787764,64.49351197180815,64.49351197180815,-115.5064880203173,244.4935119796827,N64°E,0.0001910372149751,,,0
,43.46863519072118,-80.56415405972916,199.18199205829688,24.897749008523373,64.49370301893318,64.49370301893318,-115.50629698215502,244.4937030178449,N64°E,0.0001910471250283,,,0
,43.468731689449655,-80.56387635820644,224.07974106682025,24.89774900669357,64.49389407033759,64.49389407033759,-115.50610593408268,244.4938940659173,N64°E,0.0001910514044141,,,0
,43.46882818750207,-80.56359865580016,248.97749007351385,24.89774900839779,64.49408511739627,64.49408511739627,-115.505914881731,244.49408511826903,N64°E,0.0001910470586778,,,0
,43.46892468487844,-80.5633209525103,273.8752390819116,24.89774900656653,64.49427616286188,64.49427616286188,-115.505723833725,244.494276166275,N64°E,0.0001910454656126,,,0
,43.46902118157877,-80.56304324833687,298.77298808847814,24.897749005441053,64.49446721489593,64.49446721489593,-115.50553278731208,244.4944672126879,N64°E,0.0001910520340544,,,0
,43.46911767760303,-80.56276554327988,323.6707370939192,24.89774900926304,64.49465826517172,64.49465826517172,-115.50534173433074,244.49465826566927,N64°E,0.000191050275788,,,0
,43.46921417295123,-80.56248783733929,348.5684861031822,24.897749008134475,64.49484931786357,64.49484931786357,-115.50515068310764,244.4948493168924,N64°E,0.0001910526918464,,,0
,43.46931066762337,-80.56221013051514,373.4662351113167,24.89774900630045,64.49504036831507,64.49504036831507,-115.5049596294685,244.4950403705315,N64°E,0.0001910504515052,,,0
,43.46940716161944,-80.56193242280743,398.3639841176171,24.897749008352065,64.49523142320949,64.49523142320949,-115.5047685780697,244.4952314219303,N64°E,0.0001910548944152,,,0
,43.46950365493943,-80.56165471421613,423.2617331259692,24.89774900757484,64.49542247578694,64.49542247578694,-115.50457752222798,244.495422477772,N64°E,0.0001910525774491,,,0
,43.46960014758335,-80.56137700474127,448.159482133544,24.897749006090432,64.49561353533826,64.49561353533826,-115.50438646870325,244.49561353129675,N64°E,0.0001910595513265,,,0
,43.46969663955117,-80.56109929438284,473.0572311396344,24.89774900743274,64.49580459118108,64.49580459118108,-115.50419540820462,244.4958045917953,N64°E,0.0001910558428193,,,0
,43.46979313084291,-80.56082158314084,497.9549801470672,24.89774900735934,64.49599564604479,64.49599564604479,-115.50400435141452,244.4959956485855,N64°E,0.0001910548637056,,,0
,43.46988962145856,-80.56054387101527,522.8527291544265,24.897749008699783,64.49618670308115,64.49618670308115,-115.50381329560352,244.49618670439648,N64°E,0.0001910570363605,,,0
,43.46998611139812,-80.56026615800613,547.7504781631262,24.897749006505244,64.49637776614466,64.49637776614466,-115.50362223761988,244.4963777623801,N64°E,0.0001910630635109,,,0
,43.47008260066157,-80.55998844411343,572.6482271696315,24.897749008195227,64.49656882697931,64.49656882697931,-115.50343117360909,244.49656882639093,N64°E,0.000191060834652,,,0
,43.47017908924892,-80.55971072933714,597.5459761778267,24.897749006704725,64.49675988489317,64.49675988489317,-115.50324011182713,244.49675988817287,N64°E,0.0001910579138524,,,0
,43.47027557716015,-80.5594330136773,622.4437251845314,24.89774900804136,64.4969509492518,64.4969509492518,-115.503049052966,244.496950947034,N64°E,0.0001910643586313,,,0
,43.47037206439527,-80.55915529713388,647.3414741925728,24.897749006548384,64.49714201043058,64.49714201043058,-115.50285798766006,244.49714201234,N64°E,0.000191061178782,,,0
,43.47046855095428,-80.55887757970692,672.2392231991212,24.897749006822924,64.49733307457092,64.49733307457092,-115.50266692553402,244.497333074466,N64°E,0.0001910641403384,,,0
,43.47056503683716,-80.55859986139637,697.1369722059441,24.897749008156904,64.4975241425502,64.4975241425502,-115.5024758604464,244.4975241395536,N64°E,0.0001910679792871,,,0
,43.47066152204391,-80.55832214220226,722.034721214101,24.89774900772116,64.49771520421352,64.49771520421352,-115.5022847915198,244.4977152084802,N64°E,0.0001910616633153,,,0
,43.470758006574535,-80.55804442212458,746.9324702218221,24.89774900763865,64.49790627358485,64.49790627358485,-115.50209372890922,244.4979062710908,N64°E,0.0001910693713256,,,0
,43.47085449042902,-80.55776670116333,771.8302192294608,24.89774900790838,64.49809734031065,64.49809734031065,-115.5019026585906,244.4980973414094,N64°E,0.0001910667258044,,,0
,43.470950973607366,-80.55748897931852,796.7279682373692,24.897749006764805,64.49828841066886,64.49828841066886,-115.50171159091752,244.49828840908248,N64°E,0.0001910703582126,,,0
,43.47104745610957,-80.55721125659015,821.625717244134,24.897749006678566,64.49847947926898,64.49847947926898,-115.50152051961204,244.498479480388,N64°E,0.0001910686001167,,,0
,43.471143937935615,-80.55693353297822,846.5234662508126,24.89774900694617,64.4986705524104,64.4986705524104,-115.50132945006465,244.49867054993533,N64°E,0.0001910731414227,,,0
,43.47124041908551,-80.55665580848272,871.4212152577587,24.897749008272,64.49886162087158,64.49886162087158,-115.50113837597593,244.49886162402407,N64°E,0.0001910684611772,,,0
,43.47133689955925,-80.55637808310365,896.3189642660307,24.897749007477888,64.49905269139235,64.49905269139235,-115.50094730656748,244.49905269343253,N64°E,0.0001910705207706,,,0
,43.47143337935682,-80.55610035684103,921.2167132735084,24.89774900809525,64.49924376857234,64.49924376857234,-115.50075623509944,244.4992437649005,N64°E,0.0001910771799913,,,0
,43.47152985847824,-80.55582262969483,946.1144622816038,24.897749006237675,64.49943484343592,64.49943484343592,-115.50056515697216,244.49943484302784,N64°E,0.0001910748635793,,,0
,43.47162633692348,-80.55554490166509,971.0122112878414,24.89774900685432,64.49962591686939,64.49962591686939,-115.50037408116133,244.49962591883863,N64°E,0.00019107343347,,,0
,43.47172281469254,-80.55526717275177,995.9099602946956,24.89774900711524,64.49981699499841,64.49981699499841,-115.5001830067806,244.4998169932194,N64°E,0.0001910781290206,,,0
,43.47181929178542,-80.55498944295489,1020.8077093018107,24.897749006670008,64.50000807088715,64.50000807088715,-115.49999192770429,244.5000080722957,N65°E,0.0001910758887362,,,1
,43.47191576820212,-80.55471171227445,1045.705458308481,24.897749008341947,64.50019914894018,64.50019914894018,-115.49980085086828,244.50019914913173,N65°E,0.0001910780530351,,,1
,43.47201224394264,-80.55443398071046,1070.6032073168228,24.89774900577319,64.50039023062575,64.50039023062575,-115.49960977186798,244.500390228132,N65°E,0.0001910816855712,,,1
,43.47210871900695,-80.5541562482629,1095.500956322596,24.897749008504665,64.50058130857118,64.50058130857118,-115.49941868923516,244.5005813107649,N65°E,0.0001910779454306,,,1
,43.47220519339507,-80.55387851493177,1120.3987053311007,24.8977490069937,64.50077239021236,64.50077239021236,-115.49922761034244,244.5007723896576,N65°E,0.0001910816411765,,,1
,43.47230166710698,-80.55360078071709,1145.2964543380945,24.897749007956108,64.5009634720724,64.5009634720724,-115.499036527754,244.500963472246,N65°E,0.0001910818600379,,,1
,43.47239814014269,-80.55332304561885,1170.1942033460505,24.897749008565302,64.50115455258346,64.50115455258346,-115.49884544494672,244.5011545550533,N65°E,0.0001910805110583,,,1
,43.47249461250221,-80.55304530963706,1195.0919523546158,24.89774900740474,64.50134564068607,64.50134564068607,-115.49865436348838,244.5013456365116,N65°E,0.0001910881026105,,,1
,43.47259108418549,-80.5527675727717,1219.9897013620207,24.89774900695107,64.50153672467519,64.50153672467519,-115.49846327443848,244.5015367255615,N65°E,0.0001910839891223,,,1
,43.47268755519255,-80.5524898350228,1244.8874503689717,24.897749008263265,64.5017278079681,64.5017278079681,-115.49827218950212,244.50172781049787,N65°E,0.0001910832929041,,,1
,43.4727840255234,-80.55221209639032,1269.785199377235,24.89774900709997,64.50191889995655,64.50191889995655,-115.49808110526196,244.50191889473805,N65°E,0.0001910919884551,,,1
,43.47288049517801,-80.5519343568743,1294.6829483843348,24.89774900770429,64.50210998537585,64.50210998537585,-115.49789001232624,244.5021099876737,N65°E,0.0001910854193027,,,1
,43.47297696415639,-80.5516566164747,1319.5806973920392,24.897749005831884,64.50230107101058,64.50230107101058,-115.49769892595968,244.5023010740403,N65°E,0.0001910856347251,,,1
,43.47307343245853,-80.55137887519157,1344.478446397871,24.897749008201284,64.50249216149274,64.50249216149274,-115.49750783937772,244.5024921606223,N65°E,0.0001910904821613,,,1
,43.47316990008444,-80.55110113302487,1369.3761954060724,24.89774900950738,64.50268325373438,64.50268325373438,-115.49731674794828,244.50268325205167,N65°E,0.0001910922416357,,,1
,43.4732663670341,-80.55082338997461,1394.2739444155798,24.8977490065732,64.50287434707857,64.50287434707857,-115.49712565475936,244.50287434524063,N65°E,0.000191093344199,,,1
,43.47336283330751,-80.5505456460408,1419.1716934221529,24.897749007525093,64.50306543529437,64.50306543529437,-115.49693456046796,244.5030654395321,N65°E,0.0001910882158,,,1
,43.47345929890466,-80.55026790122344,1444.069442429678,24.897749007062227,64.50325653207777,64.50325653207777,-115.49674347130488,244.50325652869512,N65°E,0.0001910967833964,,,1
,43.47355576382555,-80.54999015552252,1468.9671914367402,24.897749007658604,64.50344762298016,64.50344762298016,-115.49655237357425,244.50344762642573,N65°E,0.0001910909023905,,,1
,43.47365222807019,-80.54971240893805,1493.8649404443988,24.897749006841146,64.5036387216393,64.5036387216393,-115.4963612817246,244.5036387182754,N65°E,0.000191098659144,,,1
,43.47374869163856,-80.54943466147002,1518.76268945124,24.89774900637532,64.50382981504607,64.50382981504607,-115.4961701821182,244.5038298178818,N65°E,0.0001910934067694,,,1
,43.47384515453064,-80.54915691311845,1543.660438457615,24.897749008382604,64.50402091403424,64.50402091403424,-115.4959790877642,244.5040209122358,N65°E,0.0001910989881679,,,1
,43.47394161674646,-80.54887916388331,1568.558187465998,24.897749006854912,64.50421201217483,64.50421201217483,-115.49578798782876,244.50421201217125,N65°E,0.0001910981405899,,,1
,43.47403807828599,-80.54860141376463,1593.4559364728527,24.89774900780014,64.50440311201129,64.50440311201129,-115.49559688874092,244.50440311125908,N65°E,0.0001910998364564,,,1
,43.47413453914924,-80.54832366276239,1618.3536854806528,24.89774900909784,64.50459420948133,64.50459420948133,-115.49540578795722,244.5045942120428,N65°E,0.0001910974700365,,,1
,43.47423099933621,-80.5480459108766,1643.2514344897506,24.897749006506853,64.50478531117892,64.50478531117892,-115.49521468953996,244.50478531046005,N65°E,0.0001911016975952,,,1
,43.47432745884688,-80.54776815810726,1668.1491834962576,24.89774900780238,64.5049764120738,64.5049764120738,-115.49502358689512,244.50497641310488,N65°E,0.0001911008948809,,,1
,43.47442391768124,-80.54749040445436,1693.04693250406,24.89774900626981,64.50516751853598,64.50516751853598,-115.494832485053,244.505167514947,N65°E,0.0001911064621822,,,1
,43.474520375839305,-80.54721264991792,1717.9446815103297,24.897749006150256,64.50535862188721,64.50535862188721,-115.49464137764356,244.50535862235645,N65°E,0.0001911033512271,,,1
,43.47461683332106,-80.54693489449794,1742.84243051648,24.897749008857524,64.50554972353916,64.50554972353916,-115.4944502733451,244.5055497266549,N65°E,0.00019110165195,,,1
,43.47471329012651,-80.54665713819439,1767.7401795253377,24.8977490069684,64.50574083136087,64.50574083136087,-115.49425917074588,244.5057408292541,N65°E,0.0001911078217062,,,1
,43.47480974625564,-80.5463793810073,1792.6379285323058,24.897749007199053,64.50593193606167,64.50593193606167,-115.49406806197696,244.50593193802305,N65°E,0.0001911047008036,,,1
,43.47490620170845,-80.54610162293666,1817.5356775395048,24.897749007075465,64.50612304630393,64.50612304630393,-115.49387695632892,244.5061230436711,N65°E,0.0001911102422553,,,1
,43.47500265648493,-80.54582386398248,1842.43342654658,24.897749007303297,64.50631415544478,64.50631415544478,-115.49368584513942,244.5063141548605,N65°E,0.0001911091408572,,,1
,43.47509911058509,-80.54554610414473,1867.331175553884,24.89774900788517,64.50650526267482,64.50650526267482,-115.49349473505131,244.50650526494863,N65°E,0.0001911072300373,,,1
,43.47519556400892,-80.54526834342344,1892.2289245617685,24.89774900634472,64.50669637313304,64.50669637313304,-115.49330362687404,244.50669637312595,N65°E,0.0001911104582177,,,1
,43.475292016756406,-80.54499058181862,1917.126673568113,24.897749008692028,64.50688748550162,64.50688748550162,-115.49311251546862,244.5068874845313,N65°E,0.0001911123685829,,,1
,43.47538846882755,-80.54471281933023,1942.024422576805,24.8977490067962,64.50707859239859,64.50707859239859,-115.4929214021528,244.50707859784723,N65°E,0.0001911068969633,,,1
,43.47548492022235,-80.54443505595832,1966.9221715836013,24.89774900631352,64.50726971299305,64.50726971299305,-115.4927302943086,244.50726970569136,N65°E,0.0001911205944651,,,1
,43.4755813709408,-80.54415729170285,1991.8199205899148,24.89774900688963,64.5074608246868,64.5074608246868,-115.49253917276693,244.5074608272331,N65°E,0.000191111693752,,,1
,43.47567782098289,-80.54387952656383,2016.7176695968044,24.897749007465546,64.50765193796992,64.50765193796992,-115.49234806012592,244.50765193987405,N65°E,0.0001911132831224,,,2
,43.475774270348616,-80.54360176054126,2041.61541860427,24.8977490062726,64.5078430570089,64.5078430570089,-115.49215694589556,244.50784305410443,N65°E,0.0001911190389733,,,2
,43.47587071903799,-80.54332399363516,2066.5131676105425,24.89774900861288,64.50803417201202,64.50803417201202,-115.49196582590938,244.50803417409065,N65°E,0.000191115003119,,,2
,43.47596716705099,-80.5430462258455,2091.410916619155,24.897749006358826,64.50822529211642,64.50822529211642,-115.49177470995905,244.50822529004097,N65°E,0.0001911201044038,,,2
,43.47606361438761,-80.5427684571723,2116.308665625514,24.89774900799001,64.50841641220836,64.50841641220836,-115.4915835889074,244.50841641109253,N65°E,0.0001911200919408,,,2
,43.47616006104786,-80.54249068761555,2141.206414633504,24.89774900714717,64.50860752697622,64.50860752697622,-115.49139246786822,244.5086075321317,N65°E,0.0001911147678583,,,2
,43.47625650703173,-80.54221291717528,2166.104163640651,24.897749006657246,64.50879865168935,64.50879865168935,-115.49120135215315,244.50879864784685,N65°E,0.0001911247131261,,,2
,43.47635295233921,-80.54193514585145,2191.0019126473085,24.897749007932543,64.50898977435874,64.50898977435874,-115.4910102264928,244.5089897735072,N65°E,0.000191122669392,,,2
,43.4764493969703,-80.54165737364407,2215.899661655241,24.89774900814704,64.50918089386973,64.50918089386973,-115.4908191028762,244.50918089712383,N65°E,0.0001911195109869,,,2
,43.476545840925,-80.54137960055316,2240.797410663388,24.897749006593536,64.50937201848208,64.50937201848208,-115.49062798241798,244.509372017582,N65°E,0.0001911246123569,,,2
,43.4766422842033,-80.54110182657871,2265.6951596699814,24.897749007866373,64.50956314533406,64.50956314533406,-115.49043685685842,244.5095631431416,N65°E,0.0001911268519734,,,2
,43.4767387268052,-80.5408240517207,2290.592908677848,24.897749005957056,64.50975427133926,64.50975427133926,-115.4902457290592,244.5097542709408,N65°E,0.0001911260052054,,,2
,43.47683516873067,-80.54054627597917,2315.490657683805,24.89774900758124,64.50994539363592,64.50994539363592,-115.4900546021068,244.5099453978932,N65°E,0.0001911222966555,,,2
,43.47693160997975,-80.5402684993541,2340.388406691386,24.897749008498568,64.51013652404546,64.51013652404546,-115.48986347886292,244.5101365211371,N65°E,0.0001911304095472,,,2
,43.47702805055241,-80.53999072184547,2365.2861556998846,24.89774900658616,64.51032765173548,64.51032765173548,-115.48967234750616,244.51032765249383,N65°E,0.0001911276900159,,,2
,43.47712449044865,-80.53971294345332,2390.183904706471,24.897749006440325,64.51051878433469,64.51051878433469,-115.48948121886896,244.51051878113103,N65°E,0.0001911325992125,,,2
,43.477220929668455,-80.53943516417763,2415.0816537129112,24.89774900947467,64.51070991122722,64.51070991122722,-115.48929008532252,244.51070991467748,N65°E,0.0001911268925312,,,2
,43.47731736821184,-80.53915738401838,2439.979402722386,24.89774900755964,64.51090104247498,64.51090104247498,-115.48909895748274,244.51090104251728,N65°E,0.0001911312477602,,,2
,43.47741380607879,-80.53887960297561,2464.8771517299456,24.89774900741104,64.51109217449394,64.51109217449394,-115.4889078252878,244.5110921747122,N65°E,0.0001911320189549,,,2
,43.4775102432693,-80.5386018210493,2489.774900737357,24.8977490065542,64.51128331120992,64.51128331120992,-115.48871669232165,244.51128330767835,N65°E,0.0001911367159834,,,2
,43.47760667978336,-80.53832403823945,2514.672649743911,24.89774900817049,64.51147444095093,64.51147444095093,-115.48852555465844,244.51147444534155,N65°E,0.0001911297410117,,,2
,43.47770311562098,-80.53804625454606,2539.570398752081,24.89774900731218,64.51166557759154,64.51166557759154,-115.48833442397022,244.51166557602977,N65°E,0.0001911366406091,,,2
,43.477799550782144,-80.53776846996914,2564.4681477593936,24.89774900751373,64.51185671669492,64.51185671669492,-115.4881432863824,244.5118567136176,N65°E,0.0001911391033786,,,2
,43.477895985266855,-80.53749068450867,2589.365896766907,24.897749007360897,64.51204784913003,64.51204784913003,-115.48795214633182,244.5120478536681,N65°E,0.0001911324351056,,,2
,43.47799241907511,-80.53721289816467,2614.263645774268,24.897749007206155,64.51223898891716,64.51223898891716,-115.4877610129495,244.5122389870505,N65°E,0.0001911397871339,,,2
,43.478088852206895,-80.53693511093714,2639.161394781474,24.897749007403768,64.5124301267569,64.5124301267569,-115.48756987221518,244.5124301277848,N65°E,0.0001911378397352,,,2
,43.47818528466221,-80.53665732282607,2664.059143788878,24.89774900760187,64.51262126617752,64.51262126617752,-115.48737873342824,244.51262126657176,N65°E,0.0001911394206217,,,2
,43.47828171644105,-80.53637953383146,2688.95689279648,24.897749007443693,64.51281240993389,64.51281240993389,-115.4871875930604,244.5128124069396,N65°E,0.0001911437563677,,,2
,43.47837814754342,-80.53610174395332,2713.854641803923,24.897749007639668,64.5130035525886,64.5130035525886,-115.48699644835683,244.51300355164315,N65°E,0.0001911426547138,,,2
,43.478474577969294,-80.53582395319164,2738.7523908115627,24.897749007479817,64.51319468999189,64.51319468999189,-115.48680530475494,244.51319469524503,N65°E,0.0001911374032914,,,2
,43.47857100771869,-80.53554616154643,2763.6501398190426,24.89774900731992,64.51338583771057,64.51338583771057,-115.48661416640444,244.5133858335956,N65°E,0.0001911477186808,,,2
,43.4786674367916,-80.53526836901769,2788.5478888263624,24.897749006452266,64.51357698046968,64.51357698046968,-115.48642301773856,244.51357698226144,N65°E,0.0001911427591068,,,2
,43.47876386518801,-80.53499057560542,2813.4456378328146,24.897749007703894,64.51376812406829,64.51376812406829,-115.48623187403228,244.5137681259677,N65°E,0.000191143598613,,,2
,43.47886029290792,-80.53471278130961,2838.343386840518,24.897749006479856,64.51395927241592,64.51395927241592,-115.48604072948643,244.5139592705136,N65°E,0.0001911483476249,,,2
,43.47895671995132,-80.53443498613028,2863.2411358469985,24.89774900667021,64.51415041998405,64.51415041998405,-115.48584958019164,244.5141504198084,N65°E,0.0001911475681311,,,2
,43.47905314631822,-80.5341571900674,2888.138884853669,24.897749008272235,64.51434157004701,64.51434157004701,-115.48565843167631,244.5143415683237,N65°E,0.0001911500629603,,,2
,43.4791495720086,-80.533879393121,2913.036633861941,24.89774900739894,64.51453271566726,64.51453271566726,-115.48546728066616,244.51453271933383,N65°E,0.0001911456202492,,,2
,43.47924599702247,-80.53360159529106,2937.93438286934,24.897749006172496,64.51472386892173,64.51472386892173,-115.48527613409873,244.5147238659013,N65°E,0.0001911532544767,,,2
,43.4793424213598,-80.5333237965776,2962.8321318755125,24.897749006711607,64.5149150166693,64.5149150166693,-115.48508497989708,244.51491502010293,N65°E,0.0001911477475715,,,2
,43.47943884502063,-80.53304599698062,2987.7298808822243,24.89774900901613,64.51510617212543,64.51510617212543,-115.4848938312023,244.5151061687977,N65°E,0.0001911554561218,,,2
,43.47953526800491,-80.53276819650009,3012.6276298912403,24.89774900778676,64.51529732420298,64.51529732420298,-115.48470267479898,244.515297325201,N65°E,0.0001911520775479,,,3
,43.479631690312665,-80.53249039513602,3037.525378899027,24.897749007262515,64.5154884780413,64.5154884780413,-115.48451152177424,244.51548847822573,N65°E,0.0001911538383296,,,3
,43.47972811194388,-80.53221259288844,3062.4231279062897,24.897749007797167,64.51567963298044,64.51567963298044,-115.48432036698873,244.51567963301127,N65°E,0.0001911549391309,,,3
,43.47982453289855,-80.53193478975733,3087.320876914087,24.89774900585752,64.51587079155303,64.51587079155303,-115.4841292111024,244.5158707888976,N65°E,0.0001911585725906,,,3
,43.47992095317666,-80.53165698574269,3112.2186259199443,24.89774900745179,64.51606194381024,64.51606194381024,-115.48393805158264,244.51606194841736,N65°E,0.0001911522572157,,,3
,43.48001737277823,-80.53137918084452,3137.116374927396,24.897749008337488,64.51625310533535,64.51625310533535,-115.48374689837824,244.51625310162177,N65°E,0.0001911615251088,,,3
,43.480113791703246,-80.53110137506282,3162.0141239357336,24.8977490071014,64.51644426361415,64.51644426361415,-115.48355573590594,244.51644426409405,N65°E,0.0001911582787954,,,3
,43.48021020995169,-80.5308235683976,3186.911872942835,24.897749006926247,64.51663542078671,64.51663542078671,-115.48336457667996,244.51663542332005,N65°E,0.0001911571725656,,,3
,43.480306627523575,-80.53054576084885,3211.809621949761,24.897749007101,64.51682658418235,64.51682658418235,-115.48317341856024,244.51682658143977,N65°E,0.000191163395641,,,3
,43.48040304441889,-80.53026795241657,3236.707370956862,24.897749006922496,64.51701774404322,64.51701774404322,-115.4829822542174,244.5170177457826,N65°E,0.0001911598608614,,,3
,43.48049946063763,-80.52999014310078,3261.605119963785,24.89774900815725,64.51720890689828,64.51720890689828,-115.4827910934094,244.5172089065906,N65°E,0.0001911628550601,,,3
,43.48059587617979,-80.52971233290144,3286.5028689719425,24.897749006915824,64.51740007277095,64.51740007277095,-115.48259992960716,244.51740007039285,N65°E,0.0001911658726783,,,3
,43.480692291045365,-80.52943452181859,3311.4006179788585,24.89774900708928,64.51759123045629,64.51759123045629,-115.48240876278729,244.5175912372127,N65°E,0.0001911576853359,,,3
,43.48078870523436,-80.52915670985222,3336.298366985948,24.89774900761317,64.51778240296463,64.51778240296463,-115.48221760415478,244.5177823958452,N65°E,0.0001911725083374,,,3
,43.48088511874676,-80.52887889700231,3361.196115993561,24.897749006723213,64.51797356826336,64.51797356826336,-115.48202643069926,244.51797356930075,N65°E,0.0001911652987303,,,3
,43.48098153158256,-80.5286010832689,3386.093865000284,24.89774900830657,64.51816473168414,64.51816473168414,-115.48183526445337,244.51816473554663,N65°E,0.00019116342078,,,3
,43.48107794374176,-80.52832326865195,3410.9916140085907,24.89774900670784,64.51835590442238,64.51835590442238,-115.4816441000854,244.51835589991447,N65°E,0.0001911727382406,,,3
,43.48117435522435,-80.52804545315148,3435.8893630152984,24.897749006875262,64.51854707201404,64.51854707201404,-115.4814529264,244.5185470736,N65°E,0.0001911675916659,,,3
,43.481270766030335,-80.52776763676748,3460.787112022173,24.89774900774758,64.5187382410366,64.5187382410366,-115.48126175786116,244.51873824213885,N65°E,0.0001911690225568,,,3
,43.48136717615972,-80.52748981949995,3485.684861029921,24.897749006146903,64.51892941047312,64.51892941047312,-115.48107058789144,244.5189294121085,N65°E,0.000191169436519,,,3
,43.48146358561247,-80.52721200134893,3510.582610036068,24.89774900807805,64.51912058403497,64.51912058403497,-115.48087941750777,244.51912058249223,N65°E,0.0001911735618449,,,3
,43.48155999438861,-80.52693418231436,3535.480359044146,24.89774900894801,64.51931175914902,64.51931175914902,-115.48068824299874,244.51931175700128,N65°E,0.0001911751140539,,,3
,43.4816564024881,-80.52665636239628,3560.378108053094,24.8977490069905,64.51950293202296,64.51950293202296,-115.48049706693752,244.51950293306248,N65°E,0.0001911728739401,,,3
1.0,43.48175280991097,-80.52637854159468,3585.2758570600845,23.831196057217547,-7.8805911041428915,352.11940889585713,-115.48030589311642,244.5196941068836,N82°W,-72.40009403616585,Standard Left,72.40009403616585,3
,43.48196528227864,-80.52641893023976,3609.1070531173023,23.83119605984639,-7.88061889657561,352.1193811034244,172.11938110342584,172.11938110342584,N82°W,-2.7792432718776183e-05,,,3
,43.48217775462411,-80.52645931916791,3632.938249177149,23.831196058232823,-7.880646691492208,352.1193533085078,172.11935331068963,172.11935331068963,N82°W,-2.779491659765653e-05,,,3
,43.48239022694739,-80.52649970837916,3656.769445235381,23.83119605697442,-7.880674483533287,352.1193255164667,172.11932551546954,172.11932551546954,N82°W,-2.7792041079166552e-05,,,3
,43.48260269924848,-80.5265400978735,3680.600641292356,23.83119605854111,-7.880702274038705,352.1192977259613,172.119297723125,172.119297723125,N82°W,-2.7790505417790712e-05,,,3
,43.48281517152737,-80.5265804876509,3704.431837350897,23.83119605975517,-7.880730070231919,352.1192699297681,172.11926993231612,172.11926993231612,N82°W,-2.7796193213802667e-05,,,3
,43.48302764378406,-80.52662087771142,3728.263033410652,23.831196057083304,-7.880757866404039,352.11924213359595,172.1192421358194,172.1192421358194,N82°W,-2.7796172120453377e-05,,,3
,43.48324011601856,-80.52666126805505,3752.094229467735,23.83119605759189,-7.880785655797669,352.1192143442023,172.11921433934378,172.11921433934378,N82°W,-2.778939362979571e-05,,,3
,43.48345258823088,-80.52670165868176,3775.9254255253272,23.83119605951356,-7.880813452917868,352.1191865470821,172.11918654964668,172.11918654964668,N82°W,-2.779712019940206e-05,,,3
,43.483665060421,-80.52674204959159,3799.756621584841,23.83119605825373,-7.880841247162559,352.11915875283745,172.11915875222297,172.11915875222297,N82°W,-2.7794244690682035e-05,,,3
,43.48387753258893,-80.52678244078453,3823.587817643095,23.83119605734851,-7.880869044124023,352.119130955876,172.11913095767477,172.11913095767477,N82°W,-2.779696146415489e-05,,,3
,43.48409000473466,-80.52682283226059,3847.419013700443,23.831196058916568,-7.880896836811879,352.11910316318813,172.1191031604098,172.1191031604098,N82°W,-2.7792687856020848e-05,,,3
,43.48430247685821,-80.52686322401976,3871.25020975936,23.83119605695292,-7.880924635536897,352.1190753644632,172.11907536741845,172.11907536741845,N82°W,-2.779872501790237e-05,,,3
,43.48451494895955,-80.52690361606207,3895.081405816313,23.83119605958195,-7.880952429871772,352.1190475701282,172.1190475683899,172.1190475683899,N82°W,-2.779433487454241e-05,,,3
,43.48472742103871,-80.5269440083875,3918.9126018758952,23.83119605655458,-7.880980228088483,352.1190197719115,172.11901977375152,172.11901977375152,N82°W,-2.779821671161642e-05,,,3
,43.48493989309565,-80.52698440099607,3942.74379793245,23.83119605918517,-7.8810080210994835,352.1189919789005,172.1189919752313,172.1189919752313,N82°W,-2.779301100019893e-05,,,3
,43.48515236513042,-80.52702479388776,3966.574993991635,23.831196057573653,-7.8810358206135955,352.1189641793864,172.11896418191677,172.11896418191677,N82°W,-2.7799514112025747e-05,,,3
2.0,43.48536483714299,-80.5270651870626,3990.406190049209,22.46601329066956,-101.84725732396804,258.15274267603195,172.11893638209912,172.11893638209912,S78°W,-93.96622150335446,Standard Left,93.96622150335446,3
,43.48532332236007,-80.52733698515767,4012.872203339879,22.46601329033754,-101.84744437019522,258.1525556298048,78.15255563300684,78.15255563300684,S78°W,-0.0001870462271682,,,4
,43.48528180693079,-80.52760878288048,4035.338216630216,22.466013290535063,-101.84763141832504,258.152368581675,78.15236858717874,78.15236858717874,S78°W,-0.0001870481298311,,,4
,43.48524029085513,-80.52788058023101,4057.804229920752,22.46601329020165,-101.84781845133452,258.15218154866545,78.15218153944798,78.15218153944798,S78°W,-0.0001870330094817,,,4
,43.48519877413314,-80.52815237720928,4080.270243210953,22.46601329075065,-101.8480055013856,258.1519944986144,78.15199450683758,78.15199450683758,S78°W,-0.0001870500510818,,,4
,43.48515725676478,-80.52842417381527,4102.736256501704,22.46601329094561,-101.8481925385854,258.1518074614146,78.15180745718558,78.15180745718558,S78°W,-0.0001870371997796,,,4
3.0,43.48511573875007,-80.52869597004897,4125.2022697926495,20.21407473022994,-74.10771012458747,285.89228987541253,78.15162042038489,78.15162042038489,N16°W,27.740482413997924,Slight Right,27.740482413997924,4
,43.48516555943972,-80.52893629517276,4145.41634452288,20.214074729084786,-74.10787550676095,285.89212449323907,105.8921244917299,105.8921244917299,N16°W,-0.0001653821734777,,,4
,43.485215379623845,-80.52917662069153,4165.630419251965,20.21407473076466,-74.10804088632814,285.8919591136719,105.891959109133,105.891959109133,N16°W,-0.0001653795671927,,,4
,43.48526519930243,-80.52941694660532,4185.84449398273,20.21407472820472,-74.1082062768015,285.8917937231985,105.89179372914236,105.89179372914236,N16°W,-0.0001653904733558,,,4
,43.48531501847548,-80.5296572729141,4206.058568710934,20.21407473023752,-74.10837165663733,285.89162834336264,105.89162833824555,105.89162833824555,N16°W,-0.0001653798358347,,,4
4.0,43.48536483714299,-80.52989759961787,4226.272643441172,22.575592686292147,-32.562961215068775,327.43703878493125,105.89146295798628,105.89146295798628,N57°W,41.54541044156856,Slight Right,41.54541044156856,4
,43.4855360912677,-80.53004780204103,4248.848236127464,22.575592686004,-32.56306457663329,327.4369354233667,147.4369354200765,147.4369354200765,N57°W,-0.0001033615645127,,,4
,43.48570734518998,-80.53019800531281,4271.423828813468,22.57559268323985,-32.563167944464006,327.436832055536,147.43683205760226,147.43683205760226,N57°W,-0.000103367830718,,,4
,43.48587859890977,-80.53034820943323,4293.999421496707,22.57559268683845,-32.56327130899518,327.4367286910048,147.43672868886182,147.43672868886182,N57°W,-0.0001033645311778,,,4
5.0,43.48604985242712,-80.5304984144023,4316.575014183546,24.215648399688384,-27.980726513607664,332.0192734863923,147.43662532342088,147.43662532342088,N62°W,4.58254479538752,Slight Right,4.58254479538752,4
,43.48624233249731,-80.53063886016251,4340.790662583235,24.215648398558223,-27.980823168528115,332.0191768314719,152.01917683454667,152.01917683454667,N62°W,-9.665492045130009e-05,,,4
,43.48643481238849,-80.53077930681461,4365.006310981793,24.21564839884178,-27.980919819546028,332.01908018045395,152.0190801786701,152.0190801786701,N62°W,-9.665101791256347e-05,,,4
,43.48662729210066,-80.53091975435859,4389.221959380635,24.21564839877248,-27.981016474163905,332.0189835258361,152.0189835266961,152.0189835266961,N62°W,-9.66546178773342e-05,,,4
,43.486819771633805,-80.53106020279448,4413.437607779408,24.21564840082352,-27.981113127673552,332.01888687232645,152.0188868711221,152.0188868711221,N62°W,-9.665350964738197e-05,,,4
,43.48701225098796,-80.53120065212228,4437.653256180231,24.21564840004776,-27.98120978316582,332.0187902168342,152.01879021665633,152.01879021665633,N62°W,-9.665549226767212e-05,,,4
,43.487204730163086,-80.531341102342,4461.868904580279,24.215648398210337,-27.981306439903936,332.01869356009604,152.01869356020794,152.01869356020794,N62°W,-9.665673811554144e-05,,,4
,43.487397209159184,-80.53148155345365,4486.08455297849,24.215648400259607,-27.98140309754337,332.01859690245664,152.01859690251365,152.01859690251365,N62°W,-9.665763943544904e-05,,,4
,43.48758968797628,-80.53162200545725,4510.30020137875,24.215648398423404,-27.9814997567252,332.0185002432748,152.01850024391808,152.01850024391808,N62°W,-9.665918182832912e-05,,,4
,43.48778216661433,-80.5317624583528,4534.515849777174,24.21564839905868,-27.981596417593007,332.018403582407,152.01840358378007,152.01840358378007,N62°W,-9.666086780768524e-05,,,4
,43.48797464507336,-80.53190291214032,4558.731498176232,24.215648398987867,-27.981693074902644,332.01830692509736,152.01830692195608,152.01830692195608,N62°W,-9.665730963703822e-05,,,4
6.0,43.48816712335336,-80.5320433668198,4582.947146575219,23.703889324285228,-47.075238898404685,312.9247611015953,152.01821026369026,152.01821026369026,N43°W,-19.09354582350204,Slight Left,19.09354582350204,4
,43.48831242384662,-80.53225793787065,4606.651035899505,23.703889325809225,-47.07538657009116,312.92461342990885,132.9246134325805,132.9246134325805,N43°W,-0.0001476716864772,,,4
,43.48845772393353,-80.5324725099502,4630.354925225314,23.703889326273284,-47.07553423923725,312.9244657607628,132.92446575979127,132.92446575979127,N43°W,-0.0001476691460879,,,4
,43.48860302361408,-80.53268708305842,4654.058814551588,23.70388932284797,-47.07568191418709,312.9243180858129,132.92431808954245,132.92431808954245,N43°W,-0.0001476749498436,,,4
,43.48874832288826,-80.53290165719532,4677.762703874436,23.70388932755178,-47.075829581262255,312.92417041873773,132.92417041348986,132.92417041348986,N43°W,-0.0001476670751614,,,4
,43.48889362175609,-80.53311623236095,4701.466593201988,23.703889325539627,-47.07597725473547,312.9240227452645,132.92402274531193,132.92402274531193,N43°W,-0.000147673473215,,,4
,43.48903892021755,-80.53333080855528,4725.170482527527,23.70388932423333,-47.07612493322196,312.92387506677807,132.92387507073596,132.92387507073596,N43°W,-0.0001476784864848,,,4
,43.48918421827262,-80.53354538577832,4748.874371851761,23.7038893250486,-47.076272606055845,312.92372739394415,132.9237273911467,132.9237273911467,N43°W,-0.00014767283389,,,4
,43.48932951592133,-80.5337599640301,4772.578261176809,23.703889326215496,-47.07642028262066,312.9235797173793,132.92357971721006,132.92357971721006,N43°W,-0.0001476765648149,,,4
,43.489474813163646,-80.53397454331059,4796.282150503024,23.703889327381656,-47.07656796044525,312.9234320395548,132.9234320395425,132.9234320395425,N43°W,-0.000147677824593,,,4
,43.48962010999959,-80.53418912361984,4819.986039830406,23.7038893250132,-47.07671564200081,312.9232843579992,132.92328436061507,132.92328436061507,N43°W,-0.0001476815555605,,,4
,43.48976540642913,-80.53440370495784,4843.689929155419,23.70388932653278,-47.076863317888176,312.9231366821118,132.92313667795673,132.92313667795673,N43°W,-0.0001476758873621,,,4
7.0,43.489910702452285,-80.53461828732458,4867.393818481952,23.81563244565168,-46.78490255107304,313.21509744892694,132.9229890009666,132.9229890009666,N43°W,0.2919607668151371,,,4
,43.49005748137225,-80.53483285727827,4891.209450927603,23.815632448067426,-46.78505022238966,313.21494977761034,133.21494977592792,133.21494977592792,N43°W,-0.0001476713166184,,,4
,43.49020425988577,-80.53504742827118,4915.025083375671,23.815632446593654,-46.78519789610436,313.21480210389564,133.21480210349728,133.21480210349728,N43°W,-0.0001476737147001,,,4
,43.49035103799287,-80.53526200030329,4938.840715822264,23.815632444414387,-46.78534557917199,313.214654420828,133.2146544286686,133.2146544286686,N43°W,-0.000147683067631,,,4
,43.49049781569351,-80.53547657337464,4962.656348266679,23.81563244682772,-46.78549324725199,313.21450675274804,133.21450674448693,133.21450674448693,N43°W,-0.0001476680799967,,,4
,43.490644592987735,-80.5356911474852,4986.471980713506,23.815632446767257,-46.78564092778328,313.2143590722167,133.21435907529292,133.21435907529292,N43°W,-0.0001476805312918,,,4
,43.49079136987552,-80.53590572263501,5010.287613160273,23.815632445644567,-46.785788606340354,313.21421139365964,133.2142113936476,133.2142113936476,N43°W,-0.0001476785570773,,,5
,43.49093814635684,-80.53612029882404,5034.103245605918,23.815632447702423,-46.78593628557464,313.2140637144254,133.2140637139765,133.2140637139765,N43°W,-0.0001476792342813,,,5
,43.491084922431725,-80.53633487605235,5057.918878053621,23.815632446580803,-46.78608396720711,313.2139160327929,133.21391603362815,133.21391603362815,N43°W,-0.0001476816324696,,,5
,43.491231698100144,-80.53654945431991,5081.734510500201,23.815632447931776,-46.78623164569504,313.213768354305,133.21376835088165,133.21376835088165,N43°W,-0.0001476784879343,,,5
,43.49137847336211,-80.53676403362672,5105.550142948133,23.815632446100043,-46.78637933350131,313.2136206664987,133.21362067127967,133.21362067127967,N43°W,-0.0001476878062689,,,5
,43.491525248217606,-80.53697861397282,5129.3657753942325,23.815632448157984,-46.78652701506456,313.21347298493544,133.21347298235932,133.21347298235932,N43°W,-0.0001476815632486,,,5
,43.49167202266665,-80.5371931953582,5153.18140784239,23.815632443852184,-46.78667470401813,313.21332529598186,133.213325299682,133.213325299682,N43°W,-0.0001476889535751,,,5
,43.4918187967092,-80.53740777778286,5176.997040286243,23.815632446966468,-46.7868223843281,313.2131776156719,133.21317760961438,133.21317760961438,N43°W,-0.000147680309972,,,5
8.0,43.49196557034531,-80.53762236124682,5200.812672733209,24.971092142117243,-72.8775917875223,287.1224082124777,133.2130299281903,133.2130299281903,N17°W,-26.0907694031942,Slight Left,26.0907694031942,5
,43.49203174177247,-80.53791739295123,5225.783764875327,24.97109214374703,-72.87779484345401,287.122205156546,107.1222051559422,107.1222051559422,N17°W,-0.0002030559317063,,,5
,43.49209791243762,-80.53821242529988,5250.754857019074,24.971092141488263,-72.87799790547295,287.12200209452703,107.1220020993199,107.1220020993199,N17°W,-0.0002030620189401,,,5
,43.49216408234076,-80.53850745829273,5275.725949160562,24.971092143469217,-72.87820095935041,287.1217990406496,107.1217990366104,107.1217990366104,N17°W,-0.0002030538774562,,,5
,43.49223025148188,-80.5388024919298,5300.697041304031,24.971092142621707,-72.8784040168086,287.1215959831914,107.12159598204238,107.12159598204238,N17°W,-0.0002030574581937,,,5
,43.492296419860985,-80.53909752621108,5325.668133446652,24.97109214248092,-72.87860707954027,287.1213929204597,107.1213929238936,107.1213929238936,N17°W,-0.0002030627316713,,,5
,43.49236258747806,-80.53939256113657,5350.639225589133,24.971092141985583,-72.87881013825144,287.1211898617486,107.1211898604714,107.1211898604714,N17°W,-0.0002030587111647,,,5
,43.49242875433311,-80.53968759670624,5375.610317731119,24.97109214219496,-72.87901320199869,287.1209867980013,107.12098680106966,107.12098680106966,N17°W,-0.00020306374725,,,5
,43.49249492042614,-80.53998263292013,5400.5814098733135,24.971092142403663,-72.87921625685915,287.12078374314086,107.12078373663186,107.12078373663186,N17°W,-0.0002030548604636,,,5
,43.49256108575713,-80.54027766977819,5425.552502015717,24.971092142611152,-72.87941932430684,287.1205806756932,107.12058068108088,107.12058068108088,N17°W,-0.0002030674476856,,,5
,43.49262725032609,-80.54057270728045,5450.523594158329,24.97109214352409,-72.87962238716034,287.12037761283966,107.12037761294263,107.12037761294263,N17°W,-0.000203062853501,,,5
,43.49269341413301,-80.5408677454269,5475.494686301853,24.97109214231592,-72.87982544731028,287.1201745526897,107.12017454939858,107.12017454939858,N17°W,-0.0002030601499427,,,5
,43.492759577177885,-80.5411627842175,5500.465778444169,24.97109214181352,-72.88002851089301,287.119971489107,107.11997148855814,107.11997148855814,N17°W,-0.000203063582731,,,5
,43.49282573946072,-80.5414578236523,5525.436870585982,24.971092142369937,-72.88023158006091,287.1197684199391,107.11976842428489,107.11976842428489,N17°W,-0.0002030691678953,,,5
,43.49289190098151,-80.54175286373126,5550.407962728353,24.9710921422184,-72.88043464141352,287.1195653585865,107.11956535442644,107.11956535442644,N17°W,-0.0002030613526073,,,5
,43.49295806174023,-80.54204790445438,5575.379054870571,24.97109214206593,-72.88063771090056,287.11936228909946,107.11936229238334,107.11936229238334,N17°W,-0.0002030694870427,,,5
,43.493024221736896,-80.54234294582164,5600.350147012637,24.971092142972505,-72.88084077221842,287.11915922778155,107.1191592222058,107.1191592222058,N17°W,-0.0002030613178618,,,5
,43.49309038097152,-80.54263798783309,5625.321239155609,24.97109214246432,-72.8810438468139,287.1189561531861,107.11895616019744,107.11895616019744,N17°W,-0.0002030745954755,,,5
,43.49315653944407,-80.54293303048867,5650.292331298073,24.971092142308883,-72.88124691296753,287.1187530870325,107.11875308491145,107.11875308491145,N17°W,-0.0002030661536309,,,5
,43.49322269715454,-80.5432280737884,5675.263423440382,24.97109214285941,-72.88144998005133,287.11855001994866,107.11855001806732,107.11855001806732,N17°W,-0.0002030670838024,,,5
,43.49328885410296,-80.54352311773228,5700.234515583242,24.97109214234728,-72.8816530510896,287.1183469489104,107.11834695029304,107.11834695029304,N17°W,-0.0002030710382712,,,5
,43.4933550102893,-80.54381816232028,5725.205607725589,24.97109214183596,-72.88185612068553,287.11814387931446,107.11814387856428,107.11814387856428,N17°W,-0.0002030695959263,,,5
,43.49342116571356,-80.54411320755241,5750.176699867426,24.97109214167502,-72.88205919271287,287.11794080728714,107.11794080827788,107.11794080827788,N17°W,-0.0002030720273467,,,5
,43.49348732037575,-80.54440825342868,5775.147792009101,24.971092142927244,-72.88226226174525,287.11773773825473,107.11773773556006,107.11773773556006,N17°W,-0.0002030690323806,,,5
,43.493553474275856,-80.54470329994908,5800.118884152028,24.97109214276513,-72.88246533740094,287.11753466259904,107.1175346658372,107.1175346658372,N17°W,-0.0002030756556905,,,5
,43.49361962741387,-80.54499834711359,5825.089976294793,24.97109214260185,-72.8826684063773,287.1173315936227,107.11733158949104,107.11733158949104,N17°W,-0.0002030689763614,,,5
,43.4936857797898,-80.54529339492221,5850.061068437395,24.971092142436795,-72.8828714826536,287.1171285173464,107.11712851982423,107.11712851982423,N17°W,-0.0002030762762927,,,5
,43.49375193140364,-80.54558844337494,5875.032160579832,24.97109214156375,-72.88307455918441,287.1169254408156,107.1169254428575,107.1169254428575,N17°W,-0.0002030765308091,,,5
,43.493818082255366,-80.54588349247177,5900.003252721395,24.971092143164483,-72.8832776325237,287.1167223674763,107.11672236563624,107.11672236563624,N17°W,-0.0002030733392928,,,5
,43.493884232345,-80.54617854221272,5924.97434486456,24.971092142996863,-72.88348070839217,287.1165192916078,107.1165192916065,107.1165192916065,N17°W,-0.0002030758684696,,,5
,43.49395038167253,-80.54647359259775,5949.945437007556,24.97109214247396,-72.88368378831547,287.11631621168453,107.1163162150476,107.1163162150476,N17°W,-0.0002030799232954,,,5
,43.49401653023796,-80.54676864362688,5974.91652915003,24.97109214195083,-72.88388686202528,287.1161131379747,107.11611313443387,107.11611313443387,N17°W,-0.0002030737098124,,,5
,43.49408267804127,-80.54706369530008,5999.887621291981,24.97109214284001,-72.88408994140144,287.11591005859856,107.11591006003364,107.11591006003364,N17°W,-0.0002030793761633,,,5
,43.49414882508247,-80.54735874761738,6024.858713434822,24.971092140900648,-72.88429301525164,287.1157069847484,107.11570697996704,107.11570697996704,N17°W,-0.0002030738502014,,,6
,43.49421497136155,-80.54765380057874,6049.829805575722,24.97109214178772,-72.88449610250136,287.1155038974986,107.11550390542644,107.11550390542644,N17°W,-0.0002030872497158,,,6
,43.4942811168785,-80.54794885418418,6074.8008977175095,24.97109214302653,-72.88469917653927,287.1153008234608,107.1153008174863,107.1153008174863,N17°W,-0.0002030740379126,,,6
9.0,43.494347261633344,-80.5482439084337,6099.771989860536,,,,107.115097742758,107.115097742758,,,,,6
